{
  "lang":"en",
  "name":"pipeline",
  "version":"0.0.0",
  "spacy_version":">=3.8.7,<3.9.0",
  "description":"",
  "author":"",
  "email":"",
  "url":"",
  "license":"",
  "spacy_git_version":"4b65aa7",
  "vectors":{
    "width":0,
    "vectors":0,
    "keys":0,
    "name":null,
    "mode":"default"
  },
  "labels":{
    "ner":[
      "ADDRESS",
      "EDUCATION",
      "EMAIL",
      "NAME",
      "PHONE",
      "SKILLS",
      "WORK_EXPERIENCE"
    ]
  },
  "pipeline":[
    "ner"
  ],
  "components":[
    "ner"
  ],
  "disabled":[

  ]
}